<?xml version="1.0" encoding="UTF-8"?>
<project-private xmlns="http://www.netbeans.org/ns/project-private/1">
    <editor-bookmarks xmlns="http://www.netbeans.org/ns/editor-bookmarks/2" lastBookmarkId="0"/>
    <open-files xmlns="http://www.netbeans.org/ns/projectui-open-files/2">
        <group>
            <file>file:/home/marek/MPLABXProjects/SignalBrake.X/mcc_generated_files/pin_manager.c</file>
            <file>file:/home/marek/MPLABXProjects/SignalBrake.X/main.c</file>
            <file>file:/home/marek/MPLABXProjects/SignalBrake.X/modbus.h</file>
            <file>file:/home/marek/MPLABXProjects/SignalBrake.X/modbus.c</file>
            <file>file:/home/marek/MPLABXProjects/SignalBrake.X/sericom.c</file>
        </group>
    </open-files>
</project-private>
