<?xml version="1.0" encoding="UTF-8"?>
<project-private xmlns="http://www.netbeans.org/ns/project-private/1">
    <editor-bookmarks xmlns="http://www.netbeans.org/ns/editor-bookmarks/2" lastBookmarkId="0"/>
    <open-files xmlns="http://www.netbeans.org/ns/projectui-open-files/2">
        <group>
            <file>file:/C:/Users/marek/MPLABXProjects/brake.X/modbus.c</file>
            <file>file:/C:/Users/marek/MPLABXProjects/brake.X/main.c</file>
            <file>file:/C:/Users/marek/MPLABXProjects/brake.X/variousfcs.c</file>
            <file>file:/C:/Users/marek/MPLABXProjects/brake.X/ecmotor.h</file>
            <file>file:/C:/Users/marek/MPLABXProjects/brake.X/variousfcs.h</file>
            <file>file:/C:/Users/marek/MPLABXProjects/brake.X/sericom.h</file>
            <file>file:/C:/Users/marek/MPLABXProjects/brake.X/control.c</file>
            <file>file:/C:/Users/marek/MPLABXProjects/brake.X/modbus.h</file>
            <file>file:/C:/Users/marek/MPLABXProjects/brake.X/control.h</file>
            <file>file:/C:/Users/marek/MPLABXProjects/brake.X/ecmotor.c</file>
            <file>file:/C:/Users/marek/MPLABXProjects/brake.X/mcc_generated_files/pwm.c</file>
        </group>
    </open-files>
</project-private>
